{"cameraMode":{"drawMode":0,"name":"Shaded","section":"Shading Mode"},"sceneLighting":false,"audioPlay":false,"sceneViewState":{"showFog":false,"showMaterialUpdate":false,"showSkybox":false,"showFlares":false,"showImageEffects":false,"showParticleSystems":false},"in2DMode":false,"pivot":{"x":-23.588241577148439,"y":3.694204330444336,"z":46.68948745727539},"rotation":{"x":-0.13507039844989777,"y":0.763552188873291,"z":-0.16955944895744325,"w":-0.608271062374115},"size":25.42206382751465,"orthographic":false}